repeat,variant,scenario,microseconds
1,before,check,133407
1,before,clean,154546
1,before,noop,105060
1,after,check,99288
1,after,clean,116208
1,after,noop,78851
2,after,check,97183
2,after,clean,106329
2,after,noop,72973
2,before,check,128409
2,before,clean,150039
2,before,noop,108994
3,before,check,131212
3,before,clean,159053
3,before,noop,98499
3,after,check,102996
3,after,clean,106372
3,after,noop,70282
4,after,check,95739
4,after,clean,103500
4,after,noop,76099
4,before,check,147362
4,before,clean,151008
4,before,noop,105953
5,before,check,143133
5,before,clean,155764
5,before,noop,101773
5,after,check,95708
5,after,clean,108875
5,after,noop,81463
