pages,scenario,repeat,microseconds
0,startup,1,800
0,startup,2,956
0,startup,3,832
0,startup,4,839
0,startup,5,762
10,clean,1,2067
10,noop,1,1334
10,one_page,1,1453
10,clean,2,1877
10,noop,2,1338
10,one_page,2,1563
10,clean,3,1656
10,noop,3,1345
10,one_page,3,1574
10,clean,4,1911
10,noop,4,1380
10,one_page,4,1589
10,clean,5,1566
10,noop,5,1378
10,one_page,5,1673
100,clean,1,6065
100,noop,1,5233
100,one_page,1,5117
100,clean,2,6209
100,noop,2,4438
100,one_page,2,4810
100,clean,3,6099
100,noop,3,4714
100,one_page,3,6515
100,clean,4,7050
100,noop,4,4898
100,one_page,4,5366
100,clean,5,6377
100,noop,5,4644
100,one_page,5,5607
1000,clean,1,50129
1000,noop,1,40622
1000,one_page,1,40002
1000,clean,2,48260
1000,noop,2,38494
1000,one_page,2,41116
1000,clean,3,47933
1000,noop,3,38700
1000,one_page,3,42514
1000,clean,4,51128
1000,noop,4,40759
1000,one_page,4,40486
1000,clean,5,44358
1000,noop,5,42948
1000,one_page,5,40478
